EV1-L,EV1-R,EV2-L,EV2-R,OccFus-L,OccFus-R,pFus-L,pFus-R,mFus-L,mFus-R,pMTG-L,pMTG-R,aFus-R,mMTG-L,mMTG-R,aMTG-L,aMTG-R,IFG1-L,IFG2-L,IFG2-R,TPJ-L,TPJ-R,MPFC-L,MPFC-R,dPreCun-L,dPreCun-R,mPreCun-L,mPreCun-R,vPreCun-L,vPreCun-R
11377.951977472771,10347.449416366198,9181.1008021234175,7659.644164722713,9062.7958139968541,10820.765741258325,10473.083536050643,10557.52373903164,11017.092602292449,9276.9862018649674,8101.5955680469815,7912.2764581626061,6505.2081740255026,5465.2442767829325,7755.7892563687965,9261.97905690271,7030.7556580286782,8008.9636857850419,8699.2458947786799,9405.5226865604964,8871.705764551898,10899.60950594012,7075.8505427060391,8159.0718794927598,10664.907294177472,10826.253175043163,11698.085542834169,12515.998312764585,12106.635269039438,12609.794787190192
11381.250879975694,10324.838543158494,9143.8925628199122,7671.647639609062,9033.0972194144924,10786.223448499528,10513.333118651775,10592.645839666686,11057.840101933567,9285.9288657201887,8125.7447873531601,7945.9168451565756,6463.7406883706144,5458.6642161103009,7779.3075728794183,9238.3883722692226,7004.1821947304352,8015.2932045503721,8681.5963874790723,9393.7892236610987,8901.5715884534293,10937.534622198105,7038.5723291791801,8165.4660330469815,10694.694734549303,10880.713202746165,11720.365680222129,12639.206265923978,12128.784911843923,12651.915052221959
11398.838797643915,10313.197824160903,9174.8812579520509,7689.1359391519582,9032.6022919161005,10783.740195926024,10543.315192492575,10569.85830657451,11070.17563589394,9285.9438315099615,8147.2950717412596,7975.8899370028303,6489.5675453140839,5490.2923292133855,7809.6329199257616,9217.8843784106066,7015.185866587678,8050.4005130405112,8695.5728821671837,9420.2352338192886,8936.4747044060987,10982.387925018826,7038.4265397222771,8182.3189151512688,10726.870482122151,10891.075677933079,11744.431486287393,12631.574219524393,12106.986794244922,12650.061602683907
11335.924735303677,10294.018900585263,9187.7621142456428,7683.6270930560486,9041.1411171926829,10793.453286752854,10517.680706989368,10581.311461825622,11052.737077076248,9303.5167735311388,8116.792544271927,7945.578750702065,6510.4535677525055,5481.9960844837005,7784.1735066773726,9237.0241251925254,7035.917569928547,7997.4569917894451,8668.3519873896639,9365.4892913035819,8871.9625287335293,10938.104882074338,7021.9883539166212,8153.1205150734131,10679.832307573606,10858.520990909643,11686.371756719773,12526.531127182925,12042.210836545051,12579.463474332557
11354.180037010899,10337.632127381308,9189.2540522487852,7717.892686377756,9045.3045258951624,10742.763898134734,10490.340848533871,10576.704604865859,11054.410155701575,9274.8626203766617,8111.679524810721,7913.203790487205,6475.6805701490102,5449.015062808171,7758.5723536720252,9210.7511952904642,7020.286269503762,8014.9601686629467,8645.4679034786041,9363.1828610980938,8844.1455667239879,10947.402461233807,6981.2242751351378,8140.6686774344107,10693.995099862912,10865.699289585629,11706.394913575365,12556.391551005256,12072.45284320105,12592.957594436475
11345.269568071508,10329.399258131365,9179.761606733915,7644.3990018851528,8979.65419013885,10730.043968346841,10413.855653128441,10532.847520263089,11012.26285998363,9243.8063058800362,8094.2167056671078,7916.0894617060812,6468.9519519150781,5483.0630346253674,7774.839958517935,9238.5931346701273,6995.762626790025,8022.4882608935623,8712.0256813609376,9368.4282421204607,8857.2356682436493,10913.629973813635,7000.8281954666099,8172.003479445244,10654.045143679268,10827.581176935275,11722.729348263227,12580.553908287242,12165.917302225218,12646.124304516412
11321.183179588126,10378.710324889798,9163.4835343846225,7632.497800303775,8999.0794760027438,10763.299639706167,10442.131073068216,10527.555460332402,11024.120793836388,9234.8512627821892,8065.3130920532985,7914.8819876970074,6436.9689290218776,5492.5748457365235,7757.1053573089239,9237.4603771907459,7032.1353099294201,7985.5633344213547,8716.8857241323949,9321.0196100683916,8853.6063579911843,10888.041669071004,7038.9135447381732,8136.2763487281172,10638.668104876389,10762.26148698707,11731.040773411887,12543.502929828932,12150.463055764505,12643.234229979897
11471.671624981363,10459.978600691114,9284.9073787754824,7731.0745861186087,9050.5906444333541,10808.236903004718,10575.303332474687,10609.420833908938,11067.567252717779,9358.0574824437263,8146.8037229667716,7981.1890354311981,6465.3101145156852,5495.3670812629634,7829.0983640286595,9281.8527111453095,7062.1237429203893,8034.8035949234481,8692.2960545934948,9449.9827870700774,8914.0328005984684,11005.150681601852,7015.3046363204621,8152.5734207009891,10730.251277124316,10914.89871682505,11778.46122478104,12726.96824262273,12172.349495589158,12716.726629052138
11413.432547784509,10387.577384786053,9289.034720261543,7729.4271031603394,9050.665131407457,10791.395061019952,10592.178039385026,10598.47226316868,11084.261498917,9297.2472115042929,8120.1518177794114,7963.2170899362709,6471.8027624951819,5476.2431293956115,7808.6734501614419,9215.9867681005144,7056.1191850340056,8007.7368203072137,8675.333086958557,9384.9353804197854,8875.7534672446291,10957.728751487502,6973.5337819648175,8145.114288133911,10680.325068531791,10860.510231382186,11734.650694072643,12713.900841095756,12148.7820784548,12714.00404032284
11358.175212729235,10373.981973379965,9290.9561434728203,7759.052654373475,9051.2041987492266,10776.377765650839,10482.918783524339,10541.194977703661,11021.123038244252,9254.0373228462558,8084.0400490943584,7914.3087700584229,6464.9815218028089,5453.9694266775814,7790.7171536297255,9228.6159688555144,7033.6215880761583,8007.305115031676,8676.9297929560726,9379.7685401713716,8849.6589464018689,10920.836134399231,6940.1282032749332,8153.5706558601332,10642.053406279885,10832.16188377953,11693.600206313176,12621.02089508785,12095.154311937182,12663.988120207618
11419.488490253276,10425.214906410551,9285.8722168502609,7758.3794431479237,9088.929657578461,10851.79566196797,10551.13858123349,10626.480747660766,11071.508671115784,9309.8618753470364,8122.7573641160261,7971.4129499058326,6454.319742299921,5540.6760499148086,7848.8057999994116,9269.7790518362635,7058.2920278606944,8009.7914240386826,8671.7901691154129,9410.9529499024757,8930.7624504005289,10992.027679215165,6951.8357070017855,8164.7731989399217,10672.539316076771,10857.211804258421,11806.496721335599,12768.531188294313,12182.717364552896,12750.835342548076
11444.304207790814,10375.609205036746,9243.88237763082,7705.7350460159296,9038.4793974385957,10792.31538102018,10600.28881212819,10598.430768428067,11061.322665895976,9310.2723348324962,8116.2565534652085,7987.206487421653,6471.2710455854412,5505.6685630370675,7826.7505917349235,9266.4681803076492,7061.9629394913018,8003.4544866950346,8669.7195837805175,9414.9832254229641,8923.8726341363945,10994.223833528487,6938.0267793251214,8154.3288212221978,10686.166857564795,10889.052297284987,11788.617381050877,12769.751045286339,12188.187118189102,12715.501455385014
11361.799734880326,10358.43111478448,9264.800688534011,7763.688672539648,9027.8635244328507,10790.082523324609,10512.674461305103,10556.862243888412,11021.53022995426,9243.5964265728744,8104.7495926232987,7962.9957947875691,6456.7958205132745,5530.5933784135977,7809.7043006410549,9277.8358940712515,7051.6777155186701,8007.8444108922185,8695.0879391524013,9388.7281294532677,8916.2428125276056,10997.40581379682,6940.616748608174,8147.1633010105179,10709.135552528844,10885.959581711115,11798.096395171471,12743.056777330667,12143.760488209167,12689.120930377829
11370.411357688272,10398.611245172002,9284.0550197794055,7784.9102839428942,9069.4688346991024,10790.199937998887,10529.847489605054,10559.162951472217,11049.878342931108,9334.0066657589468,8130.0675404972735,7977.5500735699352,6507.3738709743029,5482.8185027352456,7828.3020509475609,9269.1407361638485,7039.5682445109787,8003.072503403022,8630.8142629210215,9373.8890726164936,8884.756786254824,10970.24086734668,6948.2705830531813,8167.431323576151,10702.087733344957,10903.877291977193,11738.120951853067,12689.759285364524,12141.816024977135,12703.198998608446
11373.346803572869,10291.225022734876,9145.3246207291559,7636.8103249004407,9013.4268544773477,10751.59086557095,10499.789670752962,10539.320487416575,11028.742311122285,9270.9301041751878,8063.6686930804572,7956.3129144763025,6459.1039282240599,5461.2272637673759,7804.9626464118737,9222.6358861764274,7038.3316164551416,7952.2920181748304,8636.5563638053263,9378.4529575797933,8860.8210981880184,10936.162864142372,6956.6624788255203,8142.4386249129493,10618.744355824023,10802.664404796229,11725.690417094798,12605.391001149088,12161.831054184086,12693.273291026348
11445.988244871827,10391.745830907488,9284.7597984659096,7743.5183282182052,9049.0746598550395,10766.054967504862,10518.401886046435,10536.513823439298,11047.181696891263,9305.5227749692112,8143.3737481426815,7931.9121990069561,6480.1865518324175,5447.8097968045595,7826.0121755802875,9231.3049226043477,7036.408614280198,7987.4445813228867,8642.7674007349888,9384.3417211714805,8846.0553667922486,10944.918180792194,6931.89648825942,8150.1675746994651,10720.980849846572,10928.481529661147,11702.670430538572,12667.181257402166,12148.347927021419,12677.937696560872
11416.097856861559,10419.942267958853,9292.4933245093398,7764.3499353274055,9071.7013978956402,10821.958527587856,10554.156867124411,10628.516382682717,11043.03139173686,9303.4623751533672,8109.6900043349688,7948.5646060887102,6478.7875484620772,5509.5788549272183,7796.0181929326427,9266.2516900723349,7059.3718858739612,7992.8727559137387,8671.5867237606963,9411.0496743313597,8868.9029521144184,10963.234727690082,6959.2526716866987,8152.2496099531645,10637.950186777849,10832.858979934788,11749.53748136548,12694.31546209336,12143.043723019939,12698.151076026679
11388.941426520651,10330.512639753095,9212.7062309722569,7683.1106058461892,9033.1334713431443,10754.222231493024,10554.376056357301,10557.097747723539,11060.5724063824,9313.4626309406049,8124.4266303143804,7971.3006102956797,6487.864124116425,5478.2595225511786,7830.8826442620411,9273.851646855479,7068.4082696860996,8027.4597752937789,8643.7132114059532,9424.2501723612895,8875.4841170335985,10943.167263577176,6961.633509908168,8175.1413143773816,10684.769998129226,10896.619997474336,11704.471874446488,12650.560744569659,12089.80627124527,12642.383969076302
11377.689945484097,10348.77339854099,9179.861880803126,7759.5528365771461,9025.2410256591138,10767.500502781828,10435.714919685402,10531.277443317515,10992.128405073732,9216.5191425939065,8108.0087385287297,7926.9085671656703,6452.0217593780171,5467.432601897196,7772.8045039539811,9242.8878448860396,7019.4874515454412,8035.2230637204557,8666.7032926613956,9406.5983248404227,8866.1056510282924,10922.191855233412,6944.815664870106,8119.9639425864361,10651.906166359588,10863.238908780198,11684.881151157213,12529.303809281024,12087.394505101422,12599.959982646958
11416.718779787732,10424.933495780173,9254.2535077552748,7758.9547769265801,9063.3742894766401,10813.944024913739,10549.828745938141,10624.961670608744,11072.324691052418,9313.4131981562714,8177.1646980709638,7977.0342398970597,6469.7686545141405,5485.9128040100841,7837.2961657402402,9213.3117260796316,7046.1622964345406,8054.8573904278137,8668.6217488967632,9446.0778223022553,8915.2320046823388,10962.771874711321,6913.057894451239,8151.1849489477809,10717.27482587054,10925.564173559496,11740.347453673132,12660.425836053304,12134.486318011019,12668.840225963804
11338.075064753639,10315.295548761826,9143.1852665570914,7662.2364173632113,8972.0770488196995,10702.299985770145,10519.530695118117,10524.90946711267,11041.683947587802,9275.7889606762983,8117.3626060347424,7959.5323731459339,6461.4971668330045,5469.738070236278,7826.8862523987409,9211.9400994130356,7049.9659018287148,7990.351977862304,8647.1500043754695,9414.776579505291,8860.6068534087917,10979.212416661154,6936.683100814621,8146.0774735787509,10716.921094202035,10879.428926674513,11692.379538015915,12578.434074686022,12060.23326551774,12595.571074171725
11326.674177784433,10313.270540128724,9180.7232024352797,7699.2758152982024,8994.6080666877751,10700.828864140492,10449.468889593614,10521.841623885077,11027.699801697523,9310.9574330045725,8081.4183865854202,7929.7828439697969,6479.4052378315673,5480.9447550046307,7794.6777185454612,9239.7336437230479,7055.4125099480561,7998.9981556508719,8624.0005203302717,9386.2606152345234,8850.6384491441931,10930.62899098114,6886.5238343512583,8122.7550932928953,10615.644834523124,10781.824823989065,11615.239771985218,12434.93541347973,12016.913900947937,12546.76818296996
11364.242278450009,10358.614067659217,9186.2079122528521,7647.8562377090839,9022.7921560820705,10772.096661684507,10509.712932923727,10575.718160733641,11039.308974432815,9263.0807523916592,8065.2567835906839,7949.2908790941574,6460.4299278965918,5496.3727586909072,7805.1201759674859,9249.1873062368286,7041.1922793230206,7990.436636247483,8655.1594378036716,9393.3720084367596,8882.6535113350055,10951.034708548403,6922.4484392315971,8126.5322920054432,10595.315787225345,10795.783479432879,11732.839784592012,12624.66743169947,12093.702469228148,12660.331818945848
11361.608293539923,10293.095673031092,9144.2268402905174,7550.7083049056882,8986.3430449257521,10682.899006963737,10527.755745167166,10550.015323970434,11044.154843954791,9293.7295210628345,8050.7271024209149,7982.0176157476371,6465.7328408674903,5486.2610047417738,7828.1387723572398,9251.9399728214812,7034.7311642832574,7980.5376320936157,8642.9928374203992,9362.3781995753016,8925.9576382494597,10989.182335073681,6936.8372287734519,8163.5550403249135,10654.884383229644,10795.928625335731,11781.512383224839,12719.878113226496,12187.452026648018,12724.658769084908
11401.810244142225,10353.245765876625,9240.9973572321251,7668.7453958463257,9012.2180439858239,10792.646437968928,10505.339844784841,10552.488936085194,11035.553456484626,9268.224430831564,8086.4150483662852,7975.0199750355132,6436.0775749389368,5513.4534564803089,7827.3261288689146,9262.0360799345544,7045.2167981371276,7992.3806515465585,8716.0359309949399,9350.8656657122337,8930.0237791315521,10967.589007856373,6948.2552508874332,8162.2882351176113,10651.931108817773,10827.999559952008,11807.906782442346,12764.095483721159,12206.624999344653,12740.44576180818
11439.286889315683,10438.199127329288,9312.7216239829359,7704.851619449807,9091.6510514585043,10820.44539145357,10534.157991370272,10613.123804971194,11095.679710432956,9342.6322978874578,8134.6022842072798,7975.3396510919938,6510.026321027296,5488.2994694558256,7803.1904432555784,9271.326267514798,7062.325103656116,8037.3333892760402,8691.9204068571489,9408.5178045683551,8885.2034444589335,10940.847309498899,6960.4829870195326,8163.3727678616069,10690.861212562186,10881.169881780761,11722.401022155094,12661.754854565206,12090.676054878926,12634.08760176728
11436.008929457508,10359.514562465389,9206.6917606088591,7689.0324105613008,9050.2067768177658,10772.796966822219,10534.976367273675,10573.988033636359,11041.441273446593,9292.8501752141456,8133.8539043559858,7933.4658498162171,6465.9199533028614,5481.6053657529874,7786.3191044805662,9253.0750593221128,7026.7445218763633,8016.9765382185578,8680.8810510591375,9351.3902627464504,8884.5417365643771,10994.791159359409,6957.0087748433325,8141.5409585035377,10733.89448645318,10911.218991368705,11779.850660188033,12616.15931766297,12131.895103993937,12645.114649052
11378.749347404246,10345.749676312447,9170.7174515490678,7675.5141812437487,9012.6495609682388,10816.845569728994,10459.609036671896,10603.701842651857,11034.796105448291,9238.1214318311886,8102.1542775099679,7932.7254119627869,6484.540430700702,5469.9637271779875,7739.9678976729265,9207.0629687148357,7010.6443509028977,7999.4408361800097,8719.6259923762082,9351.7454387013313,8878.3806219408434,10932.011534824278,6986.3073973475248,8160.4189151356013,10711.873476004304,10882.669986387513,11718.250999775611,12594.727938450662,12080.452891728861,12626.690793511241
11434.293857317083,10406.736521857019,9239.1229107614436,7734.4085513416685,9071.1217631026884,10826.778419896511,10559.332460780352,10593.66637275547,11069.724046869243,9316.7493988722945,8140.3973348477475,7953.5695013442228,6460.2237527861362,5474.1040770675409,7770.5495962366322,9208.249370720574,7002.1256316800955,8020.1880243039459,8681.3701264312003,9398.7441242270288,8890.5226230548233,10962.7071905676,6990.2574898663715,8155.0714648156782,10731.709673933741,10905.977892163488,11735.517513819705,12666.490447586233,12133.546364145694,12671.579208301089
11336.414041550001,10321.004995599013,9178.2141558815601,7671.3165863254808,9035.0603455593991,10780.501857097386,10531.389964724751,10578.420155040623,11054.124837357769,9311.4868118591821,8111.1110463441428,7916.2709553710092,6496.3380502578038,5431.8740549007471,7763.4681086234359,9245.3838364627463,7024.9287616866995,8004.8499976652047,8631.6771111109338,9349.458449928874,8845.4093313755675,10931.979077090418,6967.9580796185555,8144.540169162392,10679.715980699322,10858.643412994285,11682.699804300679,12548.176240150402,12144.754427616263,12633.127581076042
11366.763503165439,10359.773179023468,9196.2070157588551,7695.7566777723659,9050.8033396382161,10804.064566972302,10459.908321494411,10565.721481380549,11013.728754549968,9253.9536564487225,8096.8991198966114,7926.0205848662436,6482.507379921617,5487.2999438599609,7773.391890977311,9245.043602865544,7010.3284611350218,7995.3909189953401,8681.6405078235366,9325.8987425470277,8848.362178885387,10912.758323704713,7001.2819907081675,8137.7502311184262,10697.252249724532,10889.993926714864,11769.980923477688,12630.432081269826,12192.089240630552,12690.313134393349
11408.805923405136,10420.085139784533,9281.88244569376,7735.2137359226599,9069.0865605894578,10849.370827555251,10561.847755536155,10608.627817493019,11097.555292470599,9338.662596450713,8117.8995272753873,7961.6783798576535,6483.7883264742131,5484.8147550097619,7808.5499892572598,9254.5178856981511,7034.1421188604281,8007.8839760920428,8685.4519933919219,9359.7991172676866,8885.431257332677,10951.893703753438,6967.9469327137931,8160.9130382168396,10696.328438582217,10898.039355185645,11759.79833086566,12707.339584082452,12155.438688223157,12723.581316820533
11362.824245377722,10296.318080265915,9132.055453931971,7618.1667686637611,9020.9210165436216,10778.863491475642,10559.973618741915,10582.953697444098,11050.909832606683,9263.1685449095366,8065.9517850464681,7964.9725294213413,6469.3818555478256,5507.6079664791805,7810.5239117256042,9236.2202202060744,7024.2433182603281,8026.1086069505773,8698.9244807560262,9354.0140418795836,8932.6587517481621,10960.16490565801,6961.3745785826304,8151.7884214166925,10630.941889782294,10791.032872634463,11774.499572412469,12701.917044781587,12181.742235375434,12719.69733602618
11349.836166056479,10349.510953701913,9212.310079431134,7706.2493969226289,9015.8903539321036,10726.578994923948,10537.848365928116,10493.169875615382,11052.742765732484,9311.8284757596648,8117.7268959610701,7989.3602993978475,6493.067008743531,5518.569910857942,7847.8445245086905,9291.6744371022232,7065.4688531558422,8039.8951075535242,8697.2989027897693,9421.6849757829295,8966.23252499316,10973.955840811401,6967.1183440563491,8166.2785309775809,10688.608826366355,10870.215665805064,11813.114380950918,12721.66799713527,12189.942529018052,12729.937556268951
11441.830001445347,10413.20116130417,9260.3337496481963,7786.6689511194636,9097.7239144112809,10852.09266085709,10565.777868577579,10661.533544580476,11061.412880277452,9305.5098446132433,8130.0686012235292,7970.7218812808305,6459.8377439878795,5526.2728941068717,7800.1356932868457,9246.8877976137319,7030.4920433504712,8037.0822184247472,8661.2973945058984,9387.7318116041879,8946.080352399129,10959.963272055251,7008.6139600281203,8130.6849906768093,10723.617647734323,10897.547006981862,11730.007746597114,12689.537978856466,12117.868299928408,12698.008919035277
11401.835959976421,10359.910760260453,9275.690490867597,7769.2076803707223,9050.7699046637135,10781.509676044387,10567.517301644366,10578.717102218341,11071.29653467501,9360.2753528398171,8155.7566256699956,7966.1314915339517,6504.4688226348053,5479.0720677551353,7832.6458077057241,9298.9515578833616,7054.6140035208973,8054.6556591917952,8649.5033453050473,9408.7440800594195,8907.6136350884026,10993.952731959405,6967.5994029047706,8142.2697661299371,10714.167891720914,10886.205897982147,11724.691603591709,12612.012186892784,12092.38252403456,12619.214789560545
11299.72048643223,10276.575649506362,9189.9974029229033,7691.2288868612759,9028.7764804550206,10768.641018375652,10451.224771460251,10501.958896337725,10966.397748856241,9222.0782481444694,8079.4250072017903,7947.5759711838118,6466.1025427159284,5502.1087697274525,7848.2794690286837,9253.3649087893336,7078.5472392521897,8001.5646047905811,8664.6645393772578,9384.3173152000018,8912.286693610673,10957.409830695806,6961.0749203017667,8152.4880054148989,10614.126022943488,10763.835636678528,11714.987733886624,12561.542002675564,12090.005809976288,12615.315259641477
11351.224293079104,10282.148826277693,9128.5669872457584,7620.2596112499759,8979.2342509403297,10727.131127695506,10410.752786235127,10536.179464065137,10986.954098874647,9246.2209739474256,8130.9473520278343,7949.0840349282307,6439.3245927762619,5504.6813679029801,7834.856719151283,9286.7752040879241,7077.4870086037208,8052.8247983761621,8688.3606472966585,9395.7778197357165,8911.0574423166727,10990.607952953531,6966.0347060105696,8140.3943329595177,10724.724867987195,10905.272221317782,11767.970197159602,12645.673302463103,12164.942004889625,12689.71200143914
11275.422112902379,10232.507580847496,9115.3917607080093,7590.2145659406542,8933.2923677733161,10697.242161180024,10364.828227935157,10499.839368566556,11005.243341531188,9232.6842131389894,8129.5013781653106,7906.0354640247951,6459.3331867966235,5436.6817450949584,7760.2290700119065,9198.5040819925543,6998.3373315993567,8006.4546841991041,8662.0393865645365,9352.0808551792634,8814.2901599895267,10883.841160289205,6945.8505705304069,8123.8619132539079,10691.580371787592,10855.097347533776,11666.023973445668,12487.556120829897,12037.693767902372,12563.154738040696
11276.760838832415,10288.058596385841,9153.1605783209652,7662.6450673766731,8948.5786428356005,10731.436447345071,10412.641062707315,10478.184402379378,10997.748209591791,9248.1162009695508,8099.6831114032466,7910.8050434187844,6472.6054428532898,5449.0533174957263,7723.2537381231305,9224.0876031442567,6983.0702628020035,7995.561797336064,8669.2587143483779,9386.8230227128297,8827.0952463682679,10882.493873371899,6995.3332175228225,8147.9722754845479,10661.747128931907,10829.586765396587,11663.459573778977,12544.246272319007,12064.49937255751,12579.60890278628
11419.908968959122,10387.227369321838,9259.7794699491587,7698.279400486299,9047.5733475662437,10805.866764697781,10565.26963275966,10612.749504624368,11086.530000217317,9306.654106589378,8131.571862870016,7940.5667930373256,6464.5418449383906,5445.9402013793824,7801.8906335659185,9180.6552717343075,7019.1718525655715,7979.8938973050772,8634.9778031452624,9413.2870583245349,8828.7653671425378,10915.513137575133,6975.5466167930163,8140.4749447796585,10705.927994365125,10895.032838771589,11740.691518495825,12632.468512144182,12075.076816000321,12636.385571471565
11363.98257608852,10297.969612812438,9152.9510107644655,7639.2259511701714,9024.3346303153958,10750.160247151716,10540.879883569854,10566.681656702172,11030.039459758122,9243.5639567150229,8095.1481938749066,7953.6039002852858,6452.9398375531455,5482.6523035708879,7813.3127635613546,9236.0250179876584,7040.1298030500757,7974.9611846528287,8660.2359670189471,9412.2895152450965,8869.2020880601303,10989.046902313858,6952.8521001786712,8167.1591071369476,10623.595798854067,10830.398581267935,11719.951103198455,12635.540028856365,12130.869602964469,12671.444994540556
11329.107869147581,10311.588634393443,9164.4652784670234,7680.6688393144668,8983.5511655235732,10755.809808129814,10447.883114783612,10503.430156449527,11032.304366395045,9285.1368502967271,8083.092009301502,7964.1435478447884,6470.6084454257734,5494.8209313742973,7821.7171544390731,9243.5315418023365,7050.4592845443358,8028.2123391830019,8692.9415796141602,9390.9082212514386,8917.0666213755212,10951.268495170407,6976.4172135042636,8181.3026503187366,10624.592324978044,10770.669382273911,11708.946597276647,12535.160578220019,12137.040042215789,12653.134370141934
11426.151765497771,10430.238767415398,9255.3885923720973,7737.2290894679736,9060.9985071403134,10818.722498423573,10541.368573018313,10610.55327731217,11063.465820165582,9288.4633065447961,8142.2052007532329,7977.3344731578263,6453.527232520215,5520.8335684782051,7824.9532546574701,9267.6169340476517,7064.9459031428996,8033.6104428270828,8739.2193668226246,9436.6188267069792,8939.9597397000016,10987.159396944773,6994.8657068540879,8173.7643675097133,10685.94808244215,10886.928293434319,11802.742952602972,12696.210603200469,12199.464814690873,12719.887919910461
11399.900241570054,10354.886070479955,9213.8514303597076,7772.7211386812041,9050.3333036211388,10751.480261678602,10582.38478491133,10608.232431080398,11081.877502241336,9322.3124567007362,8138.6319351168113,7968.6669656007234,6518.1497144266941,5485.0760610042144,7826.4142210558321,9244.5201400771366,7053.8422838603483,8008.4320993787442,8674.4955664366953,9403.0450091778202,8882.2207505169717,10966.668935094582,6984.5595058150211,8167.0404992859876,10720.703946805717,10880.467301036957,11776.354757423713,12683.253414968578,12159.415967910674,12684.836827902323
11364.417111146637,10342.616337803034,9267.7246468566427,7778.8556091047067,9086.2883611001671,10800.966818682002,10490.302162503182,10578.795150860673,11024.229372011223,9217.5670304402192,8080.2270456817423,7947.8144434054529,6451.3159880061985,5519.5796603743911,7787.0981215263228,9243.3441143759701,7028.99625703124,8007.058881392838,8695.121812330297,9345.7767361241931,8873.2961758945003,10930.342133179402,6987.4374258330554,8144.5149806502977,10722.429599138461,10867.710490821937,11737.865025463492,12638.905097878765,12133.112077097823,12698.422362581803
11416.708203700924,10410.518584151201,9286.8616161909031,7739.8100270169207,9104.330342413934,10802.457412352256,10552.247061827415,10605.298030307586,11072.047131189003,9338.2813496939452,8136.7875041403695,7988.5781484630434,6487.1360199043429,5505.2755191701517,7842.43314859969,9311.4537203982472,7042.9175250050594,8075.3230617527388,8716.0925507795018,9406.4664233599469,8917.4014985551566,10932.839312846761,6998.1070470372852,8156.4535305269701,10709.428690057272,10890.370838727536,11752.555179806333,12701.776546412337,12155.964055317681,12687.305228230869
11443.015686183779,10378.064227257128,9210.9890761076713,7728.1620757389574,9052.8427574903235,10788.077219885876,10560.604500671823,10597.792926792003,11046.386477166527,9290.0625657306427,8109.8706754176828,7943.5861076901883,6473.0254129601662,5509.6520835271776,7790.3989175605911,9278.6045297542987,7045.1108803818061,8018.6841183090391,8687.178108055823,9375.0948795005243,8935.6481003680747,10933.008547273303,6999.0241460999532,8123.4539125641522,10693.622242371368,10879.206929918073,11782.090213478486,12686.942047221497,12180.338223016286,12708.253321987662
11506.779765629233,10465.235555105794,9319.6839969094945,7790.5127361297282,9131.4841824576069,10855.948797671268,10561.507596454741,10615.828719885374,11086.612782332591,9311.3294154081868,8151.1580504739468,7949.921675749556,6468.6625682630074,5472.2225613079345,7798.1176408297724,9220.221436250511,7054.4100610617506,8013.0856145346443,8668.9171188749406,9382.5959093246911,8886.1616917711781,10967.39147683688,6935.2655437845242,8125.7766249085444,10755.205824588569,10897.560152475415,11731.961882106227,12685.8270453274,12158.925799955132,12692.017745903562
11413.094505533834,10427.799996495292,9252.0563309472691,7768.4717697274991,9118.5859648172936,10879.384633284655,10550.061891222425,10624.173517791825,11045.390241525092,9277.7368025933611,8123.4594354186338,7958.9776503904986,6468.8891184976055,5484.5810564997191,7781.5015650689529,9256.5968147270214,7036.8335646039804,7988.694232348179,8653.136201391515,9407.4603515783365,8864.8876055546989,10956.939676054173,6961.6104065219843,8156.891959541008,10667.699035894067,10852.540922924214,11729.213331228209,12689.540169807064,12132.392530866928,12675.517868801344
11375.292983876927,10318.574779334931,9161.2006565396041,7638.1866458406712,9032.7875285996452,10738.860277977736,10525.397391592363,10553.742122709908,11063.142661482842,9307.0732023588625,8105.7051571154734,7986.9846641215199,6478.7720811864428,5485.6529469888892,7861.5401201227414,9255.6644329340252,7045.0360070413108,8016.9018902303915,8673.8676810200468,9385.0586015429963,8916.9642133696871,10958.901170072806,6926.1461351720773,8147.4955724872871,10637.144460239133,10818.608256215439,11756.806903146804,12678.970798086839,12150.599631581797,12656.593277279326
11349.213283687704,10343.355442180091,9169.6184872076901,7654.3392273209993,8998.7169386429723,10755.919958253618,10460.538134660748,10508.447617735335,11025.124176496874,9248.2996115151109,8083.6029612766133,7958.7360536838987,6448.6156875092156,5519.3751189788572,7813.9796368773159,9232.1022247155597,7064.8862734767026,8017.9252776990443,8669.7431344881206,9361.6580778269963,8924.948285416991,10956.851332603723,6968.1191156420755,8148.0997466320996,10631.108957603854,10790.151105571753,11755.160958696371,12586.807922501086,12129.537455124275,12673.493714750184
11407.376399652729,10382.777775715978,9202.5057606937971,7698.4887197608159,9080.6856630065977,10806.767786504748,10521.341028812702,10586.720050735375,11071.515887812795,9303.5823488081314,8140.514271578174,7986.0583848335637,6480.3346646014515,5495.6126246968297,7841.6162607540491,9218.7520547713048,7049.5634726016669,8011.2360030163572,8673.694092476775,9388.7826313789828,8896.1059201203752,10998.577842683017,6959.6596543859623,8185.4334152083902,10690.162770827974,10890.614915520797,11748.725290995835,12628.809106316114,12106.146927764152,12622.326456324419
11362.590986052939,10310.468327059396,9162.0529001846808,7658.0767848193118,9022.9613293616276,10777.929511459506,10496.528425145367,10554.689405252046,11021.688194364857,9231.4152777044055,8118.905273601561,7959.1761153922316,6450.7512512329158,5496.2404424863507,7801.1375790818793,9232.0791688290647,7034.9661247260456,8000.8315581930119,8697.8924967212824,9363.1389949354616,8896.9400873442482,10938.513779565665,6962.7564706662051,8126.672449759888,10632.027719029624,10790.328585934574,11742.527722165141,12614.787107694858,12103.839287688805,12630.76637377979
11340.47026256776,10337.738424584813,9247.0281937785494,7653.921011378774,9012.1444548848867,10783.427039913462,10429.56087838187,10510.651343788282,11004.1884953831,9242.2163789614915,8117.1304027464294,7963.8413771427831,6457.6899651910662,5481.6529169787336,7808.7081511703436,9232.4236227512374,7036.413136948885,8072.5132425145684,8725.3164753952587,9411.157492953429,8856.4798353407296,10897.927944715886,7047.8951897706429,8190.5772085287927,10656.322797798952,10824.130621276678,11728.266850320444,12546.213242664964,12141.623237402899,12641.660039550547
11414.433121963506,10445.292908825897,9313.4791357503345,7758.9577680196135,9074.6242346704366,10816.693463308011,10553.351621696191,10601.491756486022,11052.191971011429,9324.0528836324484,8141.9922149274225,7933.4279273185557,6501.5072762674117,5457.9786772382304,7765.0272575074296,9264.5413647349033,7055.0051766348661,8032.0713347394558,8683.6496635196072,9371.1387619237976,8843.0423140862786,10924.578819779179,7056.0167404906952,8189.0283913919284,10682.822016012831,10872.748068654779,11676.31520494588,12623.284211727398,12079.25085340511,12650.0944026791
11418.119149614724,10364.814350278168,9214.689471271,7704.3625433457319,9054.984311057191,10795.710515890039,10555.917675275317,10594.569054378389,11051.980962854745,9284.6946942946633,8116.5991994941051,7922.6443105857197,6485.5584420537598,5471.6618484481669,7760.3112899260768,9210.2484000533259,7017.7156385771141,7964.4389859557832,8638.1635096301943,9338.7819484282118,8848.4306593407237,10919.058382705543,7040.2248125110918,8126.4050865575464,10672.595119469875,10858.711135066813,11684.804373801049,12606.34809314433,12077.718145002382,12618.711365221281
11308.897959841941,10317.713299852745,9256.7037588983021,7688.3770405867954,9010.7428722867862,10720.264984949832,10434.971263457661,10477.305748149531,11020.495021227292,9265.765085307783,8092.0643382921844,7865.0994563446147,6468.1759340071958,5421.0686748288663,7725.0188168337681,9203.5625220270394,6992.1380002655424,7989.8253172310151,8638.0688653855614,9348.4488843642594,8819.1941122815824,10851.743536744174,6942.6426864258838,8136.0351472844932,10663.005972269564,10830.28591763031,11632.275598432218,12474.351646237581,12032.486427673464,12553.830995342019
11314.575720350138,10319.753426369858,9146.114408346315,7619.1519691387493,9008.1609062325551,10756.413298166186,10479.492776036868,10555.991483589951,11035.037247549699,9278.5871164069304,8055.7966932765294,7897.3097648185603,6473.6373969690421,5477.6414360357994,7744.8013388414192,9215.8716968602948,7013.3487915098958,7928.5699314347221,8616.4343141856461,9381.8913577174353,8823.4023145438714,10874.563383026178,6988.984453893815,8130.0656227962145,10608.100598051215,10791.407173935648,11630.20576394672,12506.360222677362,12024.925109529095,12557.935607791858
11388.181547381435,10314.944712778075,9085.9066624593488,7535.3639162427462,8958.7312368679013,10679.865422837267,10487.162932280273,10510.209011422337,11026.154124529843,9307.1304711124285,8086.3501653358371,7929.1981041302206,6446.244508881924,5478.8071257683605,7815.3110984609384,9216.599596646829,7025.3878903272962,8008.2060604880635,8634.8431235884073,9390.8811940325413,8889.3258746931006,10966.080487056566,6996.6081966851816,8163.5815323472843,10667.283755546554,10837.677042769252,11721.611491976577,12570.277551509627,12097.337869971989,12620.43378090982
11331.37250515672,10325.049747771713,9181.8536920376755,7610.6219661096047,8971.8076053575533,10759.035915622031,10459.32266636354,10547.486085605804,11014.229534540964,9219.7158352167717,8074.4224769949033,7939.1111084379381,6464.6987080288627,5483.0194319159109,7785.4042935553525,9212.221885022067,7035.0170417768068,8002.6598983731392,8680.1796978470811,9360.0325318731502,8892.0369166938926,10953.279815275289,6991.538713489309,8146.8803666509739,10649.672471227337,10829.382763875974,11739.291394329694,12593.514819952636,12107.627505007897,12630.392485931206
11397.407603668284,10420.890979686519,9294.3383733201572,7704.1464398869994,9058.455850168446,10814.823727006618,10555.413022501494,10618.571195723778,11072.214377067454,9354.0238445422547,8123.6732600429714,7979.6255158533431,6511.8946509483039,5492.3916927533037,7809.5672266280162,9272.9003831371992,7053.2850784949951,7999.6570236376447,8671.8017108009426,9427.280675584152,8873.9969394985528,10976.057070796754,7002.5800894240165,8191.9524374923722,10668.869981255995,10876.021114829526,11750.180031717222,12680.273731976149,12123.385259023111,12670.19466934414
11343.559339828505,10315.804130220145,9154.3542130148126,7653.590159389656,9032.7918100130246,10748.070836903909,10537.833289231065,10593.881509335826,11076.481361678951,9293.3373410869244,8096.0225692063068,7933.8599339762641,6479.8690318091585,5473.938548759088,7777.0156982117478,9207.7501231291953,7049.4279720888817,7924.8642154488507,8638.0475749852794,9378.5050765834603,8852.6048088841908,10919.126488186548,7016.4607131106168,8154.7371127414926,10711.397524925871,10875.611588645857,11718.215137393348,12646.850852336587,12150.400218765084,12665.978113017667
11342.076826552129,10316.989494186928,9151.4928014422421,7662.7675198913239,9023.9600842807849,10752.240315545418,10478.22383616146,10538.577468383426,11063.454594339375,9286.7167777863579,8100.7516942824604,7927.9488397774376,6474.8404970816473,5432.7504039710375,7807.9103723988756,9263.7984713464302,7038.5348836029571,8013.8400676030833,8694.6567467702353,9403.5794298912751,8884.2391289755906,10964.514194761898,7035.5937074168351,8197.6172616670374,10759.12188792334,10922.054391856695,11719.681439072045,12631.886637591377,12152.045026329833,12650.294546363079
11423.951697040218,10391.737577221133,9277.6173633974431,7745.0465492624417,9039.9280816221453,10810.603077827011,10509.407952392714,10605.140534153048,11030.993946919003,9258.3167783146509,8095.5240863021809,7922.2528090153537,6482.5115055901779,5447.9519706791434,7747.1453281941049,9255.2542118378897,7015.1262328256635,7988.2930370760232,8701.3806759317158,9426.7836735234141,8855.7679992067715,10959.830347554793,7060.084484749892,8166.1352271988999,10732.256987726361,10917.648987673554,11712.840512363859,12633.679111114889,12111.204907584644,12620.632653817582
11495.19463933129,10407.518154302439,9273.6949285810115,7770.9990367598975,9066.7662507853383,10771.982512835548,10587.273873501623,10589.644679716537,11089.879781677639,9351.11804953315,8164.9514628980969,7951.791222036647,6519.246024502093,5490.7074512952286,7814.4321293532248,9260.4514143474571,7044.4676687499177,8061.3380183586605,8690.1426216631207,9454.6098112411219,8858.4940893910207,10960.306170475855,7021.7918779429774,8170.3795079416659,10714.207205346911,10905.452469681137,11688.386091500715,12589.962473691659,12102.661130695216,12626.578460066987
11386.409836716575,10371.039457963263,9296.9337590976156,7855.2870737268913,9070.7158600346283,10784.802955481569,10521.965535236275,10566.38968974188,11052.018286134666,9288.3759439661299,8143.8254641782678,7928.9388223961196,6505.5927005142867,5456.0411958386785,7787.5512511465149,9210.0883440181187,7035.9609552923339,7999.6013184210215,8683.333718437445,9397.3599963715751,8845.0975879249145,10931.897245034068,7016.5956053965165,8161.8893665093783,10717.776244505052,10918.445712218534,11694.647617060502,12586.293290196785,12109.044724120597,12629.081553476748
11396.383844187196,10387.087362166287,9319.8013798160137,7836.7510182378674,9079.537562407364,10815.385232048469,10506.815466700316,10607.210088262536,11050.158601686073,9283.3575450082935,8134.0516849877977,7911.875410909377,6444.4991097875463,5465.731600661109,7776.2459407246215,9231.0696690454861,7014.0012299980244,8022.2101321380242,8712.3758090691354,9397.4783780833222,8861.575059417939,10931.214964348068,7034.8234282930762,8142.3393238876624,10683.776258582313,10854.266928715082,11738.676801780275,12614.567308139325,12124.914154713882,12659.091740644133
11362.012763976096,10299.473706968853,9113.5280295890698,7684.8355470165834,8988.2841595099999,10726.32347765291,10502.063744904946,10526.840180684731,11031.867463655686,9292.9216678434477,8123.013769934947,7932.8138452427092,6491.5784928552639,5445.1621456178109,7780.1322318845905,9231.5877120520399,7013.9997104234808,8031.4526599103583,8672.9797619873934,9403.3607361682407,8871.3988883168204,10912.187899787958,7056.3125709878877,8178.7098050322811,10686.004829645981,10844.974688295904,11701.29039489446,12559.390777280661,12115.593591636529,12639.181541192127
11405.150849249754,10303.633724623242,9117.7910753400392,7627.1306202245287,8980.7370133894692,10760.353006591966,10471.512291525896,10549.775439781699,11034.431357291644,9269.7443191783932,8111.677505707089,7951.9617452730763,6461.0202350500676,5462.4827317693034,7798.345980503902,9228.5656993147168,7046.0294610411529,7997.5136563032074,8665.8025360527372,9407.7108122545069,8890.5220877695428,10933.359302284067,7034.2982476757188,8158.9231071069935,10700.133112376643,10898.765153142227,11750.142099412889,12678.456625538749,12178.963273922509,12711.466082256597
11404.784270350059,10313.617506864857,9127.2335388574229,7629.9957799380463,8937.1468239684182,10738.179956499574,10475.769008660973,10522.827175624801,11069.19375048499,9301.8617319111836,8128.2421134268125,7960.7581354843069,6500.1251318453833,5497.7827943928496,7829.0765698074247,9278.1496979495132,7058.1433388258001,8039.3282163053491,8695.9053128533178,9450.947617836162,8936.4315584580636,11014.820083339329,7085.4317179817153,8194.2323066659646,10732.007056379698,10919.234028058207,11793.228568575825,12747.034956294468,12217.045413990445,12732.060246591602
11344.769657837245,10270.390912278788,9143.4977794826827,7683.0090162844899,8985.2724756967418,10702.645406853728,10449.661613472692,10523.48635100751,11044.545117775255,9260.6522482509808,8120.501483285163,7923.5703748019187,6518.3546661262299,5483.9867609176517,7765.4972060824948,9250.7150095526758,7057.630287582293,7981.8964277037421,8704.7102262659228,9374.5587220266389,8878.6775314893566,10962.799817353203,7047.7752499365706,8171.4864828062664,10727.184483757874,10899.531454910137,11729.649763352985,12652.061897364212,12095.631116029492,12598.868966686834
11450.664230462304,10381.933832488477,9306.0668238071339,7806.9852535134914,9075.4603024827029,10825.471684467002,10522.710240463379,10593.338066113405,11094.317223125561,9303.6057189660205,8146.7245511200008,7959.2508898755541,6480.2889991926086,5501.4528068564605,7793.5676563064144,9261.0968560644433,7046.0383221237425,8043.0012647991316,8692.2864618090935,9437.2015588526392,8887.3243469441659,10997.426462582162,7062.9223974944816,8188.7226539459416,10742.544899533636,10935.243904548617,11764.106374351737,12702.288889149426,12134.118879171268,12675.081631581035
11468.056529836347,10435.556330030435,9337.324423397482,7857.0611577971467,9153.7503256518012,10871.383235487343,10602.584134490688,10641.225274903192,11103.019271966275,9353.3016591719843,8129.7171403186339,7976.6780859796045,6489.7623710107418,5461.3902308058614,7803.2161515633543,9240.3367754258925,7058.0927892779655,7986.4164003918986,8649.9071073735649,9427.4746178342266,8905.2344605160961,10999.874571324548,7020.2631298751339,8160.7586683760328,10695.902628030814,10895.652069613747,11762.936606323958,12700.751654518177,12166.720340248939,12701.869749293828
11432.573488669832,10366.607722846349,9222.7642055001525,7781.7474257262393,9091.7738733917322,10812.328766584404,10518.170169370824,10622.073901555059,11052.534251792013,9294.9133836146339,8108.7561524157418,7950.5090187746591,6476.4414598882258,5494.1444075523141,7832.1625419361953,9274.6571167955772,7059.7989406898696,8020.385456041362,8701.9252249127712,9400.1925386621751,8928.3004688419842,11009.975388409201,7019.654083582398,8152.0744719115246,10676.798038347199,10860.116716617727,11786.381391710745,12671.476075024477,12205.476372749436,12729.473212584129
11364.04697017183,10369.947704100576,9224.9259743657985,7747.393919451988,9065.607156644628,10832.831196505807,10471.884176733174,10611.228184728789,11045.541396036742,9274.8847081602071,8091.716947637623,7943.2279772805578,6482.4843010539425,5487.3606302087355,7799.4227778663098,9248.354667239968,7052.3025192372161,8015.6815470689417,8688.6355639003687,9396.3993871674211,8939.7716120291752,10962.281622016475,7031.8498125365213,8171.4705003052095,10665.766841437884,10846.104949885892,11751.799219953624,12627.47401667152,12144.705284790212,12643.700786407551
11436.800709995263,10416.946905767834,9358.0477038048884,7795.0819324962749,9141.3395895906779,10875.685112585114,10577.786391499247,10655.939571902622,11066.713715076648,9326.8834604566564,8165.454002833817,7983.5254845817999,6501.9966085304995,5539.9402545814055,7834.6549012209616,9270.0787444162906,7043.2768039381272,8056.0544643308967,8704.1604728844504,9450.2452484131572,8921.9187586491698,11013.968112873832,7007.6942428560478,8190.3142507876646,10678.488362361033,10865.256071500675,11796.327201800772,12751.544104219591,12144.574678058882,12728.752980470008
11418.551740537421,10367.744707405656,9250.9652982652678,7772.0281675438364,9106.3628515274377,10822.550276149375,10607.746558507411,10605.756478543561,11097.114998781788,9345.5364658484759,8132.8074994865938,7973.4602836097793,6476.8078998123246,5470.1130252338698,7819.564456271275,9219.4128011846515,7036.7532550110373,7999.3054484264949,8656.1164974304811,9396.6072341089894,8873.6607926563429,10971.00277376405,6981.4820575177382,8159.6841464773579,10666.3730267225,10830.388957537551,11768.709340161606,12747.688450525786,12215.696823613433,12790.606772069854
11384.016955992663,10387.610240725609,9216.1249344357766,7749.0594936706539,9037.891971404686,10823.473285644803,10522.568281885404,10566.022684138643,10998.000039570123,9218.9584627566692,8086.4579259686352,7958.2072832062686,6434.0608554839018,5515.258706961743,7809.6484123418168,9258.5514306542882,7049.6269212325997,8041.0521400565567,8704.9509092277622,9442.3973150784241,8933.9137647315274,10973.368829475543,7024.1855004329564,8174.1552508604864,10640.52509513457,10824.099137024494,11792.939149066831,12706.101439470236,12199.971054304126,12730.213066605604
11432.629411223037,10432.694760672292,9280.9416949563638,7754.0158392966914,9085.4715357855694,10858.71948371307,10567.610613355142,10629.591336634374,11087.389558658888,9312.1252507923091,8158.148761786053,7974.0718530784907,6478.5138556011407,5499.6528541559455,7850.3107335642944,9244.6048322598435,7059.0203332796164,8032.2557795180628,8679.5901042471633,9434.6026842123756,8943.2093617401733,11002.493517146797,6947.3560738619371,8156.2484059173876,10711.470225226994,10901.240620708266,11770.888060672607,12727.148106577371,12188.183674410675,12725.614269439899
11314.567679199459,10332.182653170727,9189.6881681899686,7696.1952190865904,9014.3622568541923,10763.73236228052,10553.914810936481,10598.246967579889,11083.454438447412,9309.3763765346703,8142.0448792352099,7937.44845745765,6497.7392046731602,5486.1745930552406,7794.7249714363861,9221.4938924880389,7030.9621319943626,8019.3184223710605,8663.1857121538815,9377.1780575828652,8867.0688248277802,10940.02163968585,6944.6667251212457,8149.8914886892853,10685.83112050964,10844.476629039911,11702.204962971258,12603.432447622716,12089.789928880136,12633.877393064966
11340.906036349443,10355.862525185361,9206.2582961887911,7689.0564498699014,9021.5270963845887,10750.50233036962,10447.186368314207,10512.073178054288,11018.732336233439,9269.23235782544,8121.0694220461692,7949.4380002218668,6481.7025099081702,5483.3515074939596,7815.756405981886,9241.4485103211355,7047.1451107281819,8006.7304642089948,8671.0031415633239,9360.4608480400111,8878.359435233453,10929.478112928724,6964.6304139072099,8152.9655134484192,10633.608949412517,10792.439290537764,11674.075606770046,12568.333429323924,12066.879200129668,12610.398949075321
11423.922506443238,10443.486109030648,9282.9867882687322,7719.608796775442,9044.6881631145789,10801.576297775531,10519.689222685149,10590.584442773792,11027.111404001831,9307.7600616206964,8137.2882815716493,7966.9431683405019,6495.8739804294464,5511.6970340712078,7823.5217653760928,9266.9884090298729,7075.7740794699721,8038.1755831829969,8695.4886124239401,9463.5390245820818,8939.7355747839338,11018.478033479887,6980.5403787935065,8180.3209236430139,10666.573229507341,10870.502740704564,11741.555946132597,12671.640089067343,12132.675193135661,12697.782983951063
11467.849527327751,10388.863733054759,9255.7124638762889,7735.9858903513423,9057.6829094241675,10786.473502202865,10578.14044926176,10630.05707065412,11054.596521262551,9293.1837587758509,8141.4963646518845,7956.4522098427988,6495.7528454375542,5506.9064480095722,7794.1615378240558,9262.1965680955273,7060.784123268385,8010.6909926038043,8659.7536983968967,9430.8156669236705,8928.5067665884199,11013.923973359129,6963.3025257178297,8148.0403385874488,10728.874722951063,10906.7947381134,11699.286440828731,12635.380503943707,12076.856433571749,12625.887496575255
11381.863190890677,10385.878594408747,9273.8088809926448,7774.2085641744552,9068.2024771909528,10779.813430771179,10492.467963440715,10583.605339039323,11061.667790454039,9283.4699473750479,8117.2896509878092,7922.8216541213305,6502.1575329008547,5452.3550987486806,7789.778224500239,9197.8759902535148,7037.9945594304154,7977.0162787352529,8637.6007314332419,9409.9676564806978,8875.2822924406973,10953.766535559605,6915.1392883944472,8156.200696302104,10727.920846663927,10884.702507686448,11705.879196130154,12554.638695251449,12051.206154703725,12615.280343576527
11383.893384588662,10413.458974130301,9305.2096401520212,7797.87754734797,9115.8163527398774,10804.868426045006,10531.036951952074,10576.600273930351,11010.198230056278,9271.3085539490057,8104.5032863685701,7948.2507353651481,6474.5447365436057,5462.737551235321,7809.9075440318511,9232.5513257258481,7034.8122496292099,7997.3117270486964,8662.5687536744317,9416.8354509414421,8882.3291137730594,10934.660709682803,6929.1609429441914,8143.6735940185572,10630.639037562296,10860.041272199373,11702.899023572894,12593.765271055774,12079.762929964128,12659.409492295128
11393.90196250235,10358.410700462409,9182.8824584090216,7701.0448796538694,9048.3923803515008,10739.785067841369,10548.345983973773,10549.776991875484,11024.67537548029,9291.4953186251241,8134.5221138838651,7960.2935853102736,6479.616605885697,5485.5585802611931,7814.2754714015546,9243.7612824607695,7030.1198244830985,8019.5468808655751,8648.1098052343223,9389.5826408063676,8890.2031163993961,10951.5879886494,6938.8893617886461,8139.8698404659281,10655.414318919438,10833.928976430572,11713.370086661007,12549.94028846585,12045.136469200415,12563.077197002483
11362.020282659114,10374.112562075881,9179.3191546581147,7679.1287046834696,9024.1645810590599,10782.999445028829,10474.046020959206,10528.075371611558,11068.270251076081,9249.0019014575682,8100.3444324830525,7922.5586416043461,6465.5407954422553,5487.1314440682672,7734.8484697245349,9207.6959527068466,6988.48142461917,7998.3171426477666,8675.293349183281,9331.9565599090765,8863.3910145736227,10873.019240729058,6925.1166517809143,8100.2955110709981,10634.57882355213,10798.015838972922,11663.972032445747,12435.66001044095,12095.442856205405,12568.940830347532
11377.513070319123,10393.20525393682,9216.8984077491077,7656.1913621065642,9070.5971847817673,10828.177714820518,10587.174802226467,10609.447212191131,11086.851881231063,9311.9039677733545,8123.2238745885415,7967.4207303700659,6466.1789617616187,5480.9112987704639,7795.6406616825643,9226.8872135856345,7019.6171670309304,8043.4519403247023,8694.1867902731901,9391.5270899540646,8886.0205061881625,10935.523350465741,6945.0662081299179,8142.8705597341241,10670.18749647704,10866.709450909115,11778.375070950042,12670.845832346002,12177.000346268216,12707.987299281471
11362.990680861461,10338.201790470381,9147.0408139621431,7625.9352016016646,9044.9544977720707,10773.79341010116,10583.937738751267,10615.533567032173,11072.704661276415,9312.9575501281561,8095.3606001744847,7968.678466738419,6477.7994588467373,5473.8777844571787,7794.6512249572615,9208.1653036517419,7010.3885119815268,8019.4083202570309,8657.5194916174223,9329.6952568677207,8854.8546565829038,10899.420995383531,6940.1223793568724,8132.9365250432638,10626.142402061852,10783.602137652821,11739.323830722607,12651.759528404751,12167.052294241757,12699.211902524081
11395.258865283355,10389.236098452979,9166.5496089100725,7653.6655191661694,9035.5203484717258,10773.95213846245,10519.269677828408,10568.46886860517,11080.351144144339,9310.327176330562,8114.1601484161374,7980.9183186738546,6488.1457029663043,5499.2281797441192,7803.9359237266553,9265.1931516759432,7048.0718298887405,8041.3436123089559,8702.8599649871721,9384.1945623242791,8896.326856785372,10987.918530480565,6976.5341747028197,8126.6872935160654,10729.112248763879,10905.487800886471,11781.388724058019,12712.300854260488,12187.579087291788,12738.930803297599
11338.458206836387,10384.34483011052,9226.1780496550891,7664.3099195791265,9030.6830462624312,10823.80691045282,10523.503057146178,10595.159315986381,11063.448719932538,9304.2792254950418,8116.5496345849097,7963.697111985166,6487.3981252364492,5475.4896752551786,7795.9559726053658,9266.9034742469012,7029.976186167768,8018.9210430371313,8704.2440108703722,9403.0691687604995,8881.9590355102428,10937.062257507512,6983.024055446479,8145.1050787074082,10701.618297883801,10870.750060902259,11764.758566975392,12688.540493439885,12108.152211541288,12678.935534041788
11331.755622778197,10302.08554682111,9145.7751520488728,7688.3945668928636,8996.8613539732851,10740.732107264597,10528.728106490356,10535.358856866036,11032.001134056978,9283.8154303274332,8122.5166630802732,7994.9634577277138,6448.1362808488475,5484.9194367030213,7810.1037526650998,9266.0966124575443,7031.3683501366077,8042.546580547094,8705.1847039890636,9431.0822124767783,8925.1894344264238,10977.702707040062,6995.7691408022365,8206.0186362317381,10657.95482006768,10813.083310666982,11796.715723850195,12731.139555565411,12187.257583091523,12722.77763520511
11249.416354062845,10204.175097750373,9121.1682546252723,7605.8006593509272,8968.7283334787244,10713.400653154675,10430.407681789944,10489.098926576758,11005.887393676037,9231.4633099962357,8079.4794626245412,7976.3780053578121,6500.8340828544478,5462.2591834373352,7775.8568821190602,9244.2179975830495,7061.8356943346344,7978.5327714578616,8645.6269629237377,9355.5982576334354,8882.0834890152746,10938.425328776515,7002.7562508215087,8150.221159646765,10642.358972861248,10807.453668512959,11698.70888699928,12596.975451488444,12136.55174095883,12656.565793515974
11401.813769534856,10330.267609803139,9177.7272907827646,7677.8247317057912,8981.1125556216375,10743.160869186006,10422.650332115945,10512.465488151664,10968.622373578679,9246.3452506896701,8095.5801659272502,7939.034720223769,6469.895436254631,5495.7508613781665,7791.9766132196728,9263.9043840710019,7060.6676212878483,7990.2736047265998,8671.9843151527293,9370.4862933653476,8890.873045601893,11021.015258388592,7038.9972033103813,8174.8649990582835,10760.21871807539,10917.347831135125,11716.305198844264,12606.265893865411,12120.941296805502,12634.058203133331
11364.0057886508,10311.561955362147,9158.123237076139,7647.4614184423717,8967.796780668381,10762.959948603457,10455.217735434617,10583.006444793646,10993.154734245592,9234.0528318513825,8063.6846973270867,7912.2249969388695,6477.1366728017401,5457.3776978982351,7778.1983114173299,9252.7983753318349,7045.7996929659594,7974.6904989717787,8657.426640171012,9362.809924411491,8863.7330365007983,10953.532211797687,6997.1549721189303,8143.7986301243018,10746.869959576112,10897.024845193924,11670.347924565545,12565.821811604754,12091.070459233755,12595.741909054583
11412.45009393418,10421.086878246362,9260.0869646798365,7771.2260947675541,9071.5983700243942,10824.396623033192,10513.99110278867,10623.141319278682,11099.053196473527,9315.7596044884867,8106.8814148790898,7934.7325031677956,6505.899472973837,5487.6570678769267,7808.394238200106,9285.5541389443388,7039.8507767423716,8023.6356695087597,8694.911075653974,9406.2873957778866,8890.7748301897664,10963.369310811806,6979.811175443594,8173.9374253269525,10793.394742705106,10993.93967525382,11729.80054176605,12645.213763776112,12147.149718183009,12646.584038763971
11369.822180223477,10409.896293559854,9290.8021785724432,7799.7198018478739,9109.8758528861199,10847.025983306663,10573.907657090254,10638.685742960794,11076.500309778625,9303.7646914500892,8103.9385367782197,7943.9981910787228,6489.690822862256,5442.7871842845852,7778.5712939722653,9237.6246309431499,7014.6125402044781,7984.1026889463028,8666.2072466810496,9384.7327224954734,8848.4727954121245,10901.182429844612,7012.0764431230073,8160.0774233858119,10679.819871326861,10885.908575631665,11753.45137609982,12697.273288830957,12166.614721385233,12709.269723797255
11317.592540629159,10322.87482949209,9180.8562888134838,7686.8161436268438,9085.5663789950559,10770.713426180859,10554.684407039422,10583.475401657071,11073.079645335565,9288.1669533943186,8067.2278561650774,7912.5006723137676,6468.82658485306,5440.9820826967507,7792.2553118454152,9234.3593267504657,7049.9681868559201,7947.4019463762397,8643.2874875329762,9342.3247084435134,8870.6066831241187,10891.872895173929,7028.6181737506804,8164.9424083170506,10637.498250596431,10830.137597269013,11765.710249794085,12695.055646917175,12184.086796932917,12722.810483212425
11360.865449106097,10379.395490121331,9241.4023591061705,7690.0833070921817,9037.8733642045026,10797.538569730645,10487.176209012699,10581.841122113519,11021.432027250148,9291.1366428006277,8056.8339881567608,7909.5020435410888,6465.1994176897797,5480.9883792600604,7780.3783976687855,9297.2688295412008,7076.6189245229734,7960.8316979337005,8674.9989055597744,9370.6120105490772,8875.2036248948716,10933.608652515952,7026.9943929001402,8156.8372475982369,10683.255320815495,10897.891382923992,11800.476599052939,12705.485099668977,12232.264336271001,12745.852481302129
11404.112512278629,10429.77739852897,9243.5689536459668,7740.6366237926177,9037.5943659144486,10793.591786952742,10503.027704142962,10594.296156386792,11054.854436693391,9294.0494700925992,8079.1953839365997,7922.9025460772837,6464.3071459910234,5464.128526825094,7762.9879534202519,9207.9680810687696,7032.6123039462382,7977.7885718124344,8656.6848812728531,9401.2475928253916,8849.2522291968726,10869.59275505667,6967.9307838700915,8128.4976227550223,10657.718203439337,10846.756485024032,11689.200322841521,12583.130149860897,12077.619671141414,12598.176093092945
11429.650478738367,10374.248537704038,9191.8865275773351,7653.8465138221773,8998.9182273875631,10766.598717266974,10540.865158745766,10587.829920075821,11064.871467933408,9264.3883329501623,8112.6146840449419,7929.6762127424545,6457.910377467224,5456.9771006475812,7777.6728711454825,9225.20986267035,7030.9708996861636,7992.2076697841121,8648.1826757962172,9349.4319359499732,8859.3178460035633,10952.967015661336,6961.2900588808179,8114.918091054019,10653.496605937335,10814.634269013286,11695.068241497391,12618.195943762765,12094.033594408829,12613.047177700173
11336.710563089935,10375.794705030601,9228.0072681868187,7650.0368703340828,9003.2838424547972,10747.510896346925,10464.150334037498,10515.22143937727,11015.360618066539,9261.4024391006096,8135.1921623569169,7928.8508375160336,6501.4473038787264,5452.4985466490034,7774.9620588946591,9225.8412532695893,6995.6552707529972,8050.8893369926018,8663.1222787456427,9358.2889363662489,8829.1201183201647,10893.426538868414,6958.4246784601501,8126.9932792860454,10639.823605136806,10818.758676375694,11625.720163655424,12463.682776135833,12036.668227742779,12560.647426496833
11322.919752059537,10368.828371355181,9214.3071410742941,7632.4421993537899,9009.6174952470246,10795.000095975793,10485.88906670578,10570.188609250959,11049.012076715471,9277.5717230632563,8084.8876585271582,7912.1172261668826,6461.7562089976191,5464.8651868180095,7752.7147716771015,9241.2101206697771,7005.1890526845264,7991.9475222614974,8666.3198865594877,9382.8960269753879,8841.5987546112628,10886.918472082001,6994.4010059527591,8163.3281691456232,10582.791609263797,10793.207265739416,11660.360536954755,12579.329812322227,12056.588816094907,12592.439061159021
11358.055991869192,10316.551242909736,9126.0315360425993,7539.9610504268267,8983.4473346833674,10702.339986159162,10553.339948212884,10520.842707305612,11031.014035947681,9297.1490827368434,8085.6071839244878,7962.0775269172555,6450.6980498039175,5500.3613842365139,7858.7029631723117,9226.0774291294183,7039.5554812511,8012.3542847116159,8657.4403058586358,9365.9936579728783,8923.6509473607457,10963.357437183022,6986.8186609568456,8145.9313671303898,10614.430401215994,10785.493786433339,11726.18161551784,12659.491941705188,12102.609954415708,12667.396485547275
11313.213463288717,10320.324920609608,9165.677955566809,7651.9802082712504,8976.2590767562542,10749.753388575296,10429.357583025103,10527.586578071079,10961.830185982617,9224.3558293453516,8056.9207946892529,7965.4330103794236,6463.992683133878,5516.2953380354675,7827.9120205952149,9279.327506577727,7055.5896623398085,8036.7308531017998,8683.5578218700575,9403.4723923181027,8923.4259277033489,10953.031606757482,7008.8610315684591,8166.2560577332861,10583.764873863774,10759.032594893619,11747.993783188449,12590.44942470523,12066.335700014717,12648.156056394955
11455.289564959967,10400.706794194421,9296.1996213398907,7705.0432736115645,9058.8313259489278,10811.304384670615,10536.196529494149,10593.912825857118,11061.272639780087,9317.1038101220074,8134.0961105668384,7986.8769697817952,6477.7073908417506,5487.3387081673163,7821.9951440525547,9241.4108057124322,7006.0376410520503,8032.0655450203994,8692.1321007811148,9390.0719303404767,8856.4172051779624,10960.853819294109,6959.8286898957931,8138.3172654792616,10718.044127825571,10893.195467516945,11730.765521036996,12667.589185777944,12143.949554771289,12696.502090420536
11419.958724136241,10311.47415719255,9190.1320057215798,7673.0896311059705,8995.1740633024983,10771.665702487342,10566.459105028685,10586.768614004968,11102.307322332552,9322.1157500579084,8124.7475983582672,7974.4815246481794,6464.7227918581593,5520.173763877734,7781.4429393296314,9242.5757586152104,6993.2105381906304,8014.4933227435795,8698.931922906655,9321.1748355831314,8867.5004849040997,10929.851799712251,6974.3074057912982,8121.5669865025448,10707.152601907923,10867.359004868125,11782.115296468024,12633.631600444092,12164.888244459386,12688.572884338775
11358.894513133293,10340.96629251931,9206.2917318655072,7670.2853722818263,9018.3364221452848,10763.059645620706,10522.049354313547,10508.732340623352,11033.703359526875,9256.9584971471177,8094.2299455456778,7963.9431975649932,6444.1604791846457,5503.5202888161357,7790.4523414795522,9224.2842523730105,6992.7030194178224,8021.607857107274,8697.125938355488,9347.3115745906671,8903.7394030974392,10930.243961151536,6960.0498205017511,8140.0849222756087,10622.480945846717,10816.779148934937,11731.447380364883,12560.156144638438,12151.343738848038,12660.495290094168
11435.890146910482,10428.841652819487,9285.9223504854126,7732.6279207230646,9086.2746057747026,10865.815703812566,10585.472959435272,10662.332997938514,11076.740285318703,9326.4996644760904,8150.3499675367302,7989.0130210008138,6453.1080342212554,5513.6770453632371,7819.1763656295871,9234.7811336671602,7019.2471297794582,8021.172490672926,8707.0186500344371,9405.318400164495,8895.784275056245,10998.392194748903,6984.3928031549449,8159.6029782310616,10700.077107296043,10899.94886573835,11768.807441566185,12652.634716741706,12167.376040464262,12715.943619971271
11375.436186083327,10310.990780650734,9219.5255479957359,7690.7173960929231,9038.0476005117889,10776.462550730907,10542.196924994374,10573.920617651531,11085.573072618174,9291.7444953154754,8122.3930893987927,7946.2642788846397,6468.0617735899123,5488.4997881215877,7796.3200183493454,9239.458993872704,7020.8181661625995,8023.3777799729678,8677.7913077815483,9376.864534379587,8859.7788566576783,10932.404090582644,6935.3473574873278,8121.4376715607323,10676.236887251427,10820.350198463322,11717.803035359842,12550.336877846064,12108.612399006193,12628.228024921616
11339.814168122686,10295.415962675979,9174.2977569077575,7678.8549560124638,8981.7414298528929,10737.255408485913,10422.682876693432,10499.456677070484,11009.327086601295,9251.8175566799764,8098.1731317082495,7907.6617498715696,6470.2409569010015,5484.3237764657642,7758.6835160739447,9236.3813442479714,7012.9960159579587,8034.9138931376683,8706.6321305359634,9413.3323529961926,8878.3803720403157,10916.054218953524,6992.4063589516045,8182.5254785812749,10653.45682603943,10825.535940366581,11708.998586660186,12530.430779898359,12058.147635691548,12567.026429764208
11358.842686763934,10353.007936732196,9237.8857012762819,7702.235382696912,9063.6562552925243,10793.299240074921,10537.654714237753,10572.56889756752,11024.758409352358,9314.6904321031434,8136.4129280188472,7916.8607477880241,6447.7120958807809,5476.9558221004982,7777.6665786659169,9233.6956842256204,7012.2662354452841,7970.600031176441,8661.7434719142075,9346.9037089941594,8860.412691883048,10961.704414192622,6957.0231979004175,8142.9614950843707,10736.648294726079,10903.997265071939,11742.268386738402,12607.303578756804,12093.400209558726,12640.940907470544
11300.423300455474,10262.541884394419,9113.035752785594,7586.2321900202169,8998.9874619334914,10734.401865326818,10462.618041994554,10520.844656563879,11033.531061921358,9261.2750243719747,8094.0438951687574,7920.4415091045475,6439.7074853984213,5466.1034020022689,7751.4636713342779,9203.3874146372145,7002.8487719307968,8002.8274016699261,8648.35084373069,9297.9672225336635,8828.8166503362845,10904.852035991555,6987.6085329016523,8136.2478420446814,10677.735271298554,10830.40146043835,11714.602060375624,12584.182555275764,12077.297314737643,12628.030950496604
11337.390354698098,10313.426336264642,9182.8282570422216,7607.4527012949002,9003.2101879619713,10750.129448137881,10438.054848354317,10514.410930133845,11021.242590576887,9280.2535821747169,8092.7743647289271,7920.464639289853,6500.1612322096134,5476.3792635958716,7794.7274416034979,9271.8574311792254,7026.7075459045991,8008.4388559599147,8659.6254573765873,9379.3723466121028,8885.7683801954554,10881.202074279434,7007.437709037702,8177.0006662290316,10628.623360191101,10825.555991975358,11713.121936020771,12643.207633020949,12141.883320590896,12677.39460127828
11449.83172718951,10396.027523089635,9252.731249379829,7710.4562708673448,9067.2051068828951,10837.213630904078,10494.10090373455,10619.727681101962,11052.735428560583,9277.9279224981456,8101.7881918613266,7933.7303503536477,6450.0531232931362,5482.5461866056403,7786.9137738688751,9220.5706271210147,7042.6072668167581,7963.0722454036968,8677.8501637444751,9380.2121582611253,8891.6966137726176,10975.947112422135,7016.3661579965919,8163.3374386910828,10681.336370940198,10913.226312276014,11752.439476142847,12708.019537940052,12140.204733828848,12700.927049544849
11472.34560125954,10353.208750557895,9194.9541838947098,7710.5541779737723,9015.7555100975696,10797.868161209984,10534.33211220058,10558.459810817654,11013.438044309116,9266.1410449081741,8109.5541157927437,7941.7575974759375,6467.3770865994175,5484.1508718175983,7840.0526528073378,9232.5580509368465,7029.7608865648226,8009.6437551212321,8683.127669852116,9433.4385104798057,8934.6544128126807,10965.420832964937,7011.8120384591211,8192.123069369778,10705.5813535202,10883.348308436722,11741.479175516088,12672.252771990188,12130.099803099902,12643.573209364769
11543.288004544798,10466.528701772058,9353.1860449624874,7829.2855168485021,9084.931040609812,10859.139262653294,10523.608224375916,10622.642034577868,11053.640288023897,9305.5152042723475,8161.946795592271,7966.7291044303674,6468.2228865684829,5508.0821789034362,7825.619536089338,9273.591833437431,7024.4065886740082,8041.2830567053961,8738.4662997867927,9382.976903520499,8916.3642392628226,11012.218327955112,6980.2615731886344,8174.2577160423743,10777.540123658637,10893.71276032218,11821.135716618825,12728.282635218973,12203.198202106141,12752.757695673832
11447.659362460179,10474.667357224009,9331.5805500781807,7863.1618375942389,9116.0687264793614,10851.72295758043,10570.953815535819,10630.20497076135,11050.07772889803,9294.8081926674986,8135.1262657390262,7959.1615152768154,6466.4045975292174,5472.9375678875595,7782.0190312964132,9232.567324943906,7014.6561837972931,8019.8821746738022,8692.0108857555351,9418.5862691940256,8895.9301454050783,10944.318511987189,7005.9409588497856,8162.2812435728865,10720.590588002524,10915.213034714794,11729.092830685338,12713.322151902788,12086.93301761425,12653.408544931737
11369.994940236187,10308.607666093367,9186.3442733962129,7741.093191202126,9059.1934589275515,10717.547388604677,10544.265251704299,10545.997545616892,11039.086828215773,9287.999427958759,8143.5790784921974,7935.5346557355006,6471.1242725587681,5478.7133823907434,7796.316126390464,9250.1091745482445,7025.9990899960512,8014.5606413130199,8663.087486634593,9423.6586664435818,8892.0699322988821,10946.641280778349,6964.8198184949297,8151.3959076492893,10691.370935686811,10879.172517253139,11695.527862370684,12591.411325587645,12080.623379639714,12576.53807420227
11374.374629580883,10340.081527199747,9221.8101217967396,7758.7475809744947,9081.2436464656494,10807.351434478882,10503.158706155324,10586.537408232851,11030.28186331094,9273.4220270808455,8148.6708398009605,7893.8266444957617,6443.771778122361,5475.6833779181752,7770.7538575063509,9200.3930234557811,6999.404356030499,7988.0809903089721,8677.8380997461081,9354.8293361147753,8835.6657346414577,10968.945901444251,6953.4722878094699,8135.816363155066,10734.107614140727,10893.710704472649,11725.009068696252,12608.187388744574,12115.00586056413,12617.886559742152
11405.061730407373,10416.937361292845,9269.0942329374375,7751.8529543547174,9087.0777045360865,10803.560047801826,10584.06585494846,10592.923299064627,11080.464644753039,9346.8734142990525,8140.989927544133,7943.6839483968415,6472.9433521353758,5447.4717755706006,7771.7967721202876,9231.8931334968747,7022.0286340945067,8021.0541874856526,8661.1033281892614,9435.6071755648591,8845.9696242675036,10919.800799721468,6962.1619111394157,8140.9663172208275,10667.714413999212,10839.538394528608,11672.841105780062,12657.945099988028,12123.229304282184,12676.422539751276
11353.782453993181,10301.769989326029,9142.7279933093214,7637.2552566242994,8980.3243994097702,10726.008376142579,10526.243095379921,10561.039043940975,11056.731261109102,9300.8361933808101,8122.607068823967,7961.3285444513022,6499.6083466519922,5478.1806051010562,7776.6642186246681,9263.9557339307994,7040.8151052618132,8054.0514845203516,8695.555687792832,9449.5489583147009,8890.056472414537,10918.334722228863,6982.0515398753696,8178.5294311840862,10665.093151301193,10830.167285717338,11714.925715984991,12593.601222381012,12149.845124079737,12639.270800334982
11334.738086135374,10344.35388718092,9203.214995202341,7685.128744882436,9025.9942120569794,10765.808772658937,10475.588970207229,10548.441380637671,11032.444152957045,9277.8635445113323,8111.6661265090461,7929.2015847651983,6486.1313149308298,5491.3537051254834,7780.3938185230063,9251.97488683755,7041.7982485535777,8007.2000504893867,8654.9957362163805,9374.3004514623699,8897.0900603045611,10905.91588161147,6970.0061820971559,8165.6837402634783,10656.847161300351,10845.512184639034,11743.978078425,12559.21130166836,12165.251521158409,12660.308080641029
11387.325746021268,10385.32314943673,9267.7550004433888,7722.7673709671035,9059.2690684488643,10819.252636157473,10534.104837023704,10586.424789594383,11072.963595186491,9281.551098738737,8100.6983113053793,7950.5062024670442,6470.6304457248207,5479.6131183451462,7784.2259776465453,9244.3523361819261,7026.8223041052352,7979.6634603911216,8664.451588588161,9428.5860734731614,8879.6288923836382,10948.762196698272,7018.4205967567459,8167.1794754044213,10677.421675224236,10873.014730106348,11728.985909700814,12657.58493974747,12108.14892690009,12642.302155891439
11367.87093163777,10333.042391460869,9211.3755696298158,7689.9644829680783,9034.8584509242428,10756.238231073976,10566.705978509121,10561.669856595148,11107.278756290738,9338.6179983171533,8132.2358808500767,7970.6475052165642,6489.6225948820011,5478.026996627159,7828.9585231116116,9243.0424331451741,7052.3923371119263,7942.2245312312343,8638.365164101062,9398.3558846516535,8880.5699168646079,11010.321424846265,6945.8493324488618,8158.7102385021135,10694.747824089214,10880.15567314434,11714.956588562265,12656.731029915698,12149.599313001578,12699.992442313616
11295.691700286678,10241.235333024048,9105.7183371928841,7615.8074588356803,8966.8064525721802,10737.159126913835,10441.442011731273,10512.672618857931,11003.270377241985,9212.1959610510294,8023.6727052789156,7950.352229964742,6462.1968195607642,5489.641450838707,7819.4690540774664,9251.6182775404832,7067.2264757348948,7959.398553793475,8665.2409668650562,9358.3758169727771,8870.5970035318842,10956.557862012201,6966.5029324936659,8150.2616897636699,10561.362658767952,10740.959907376542,11723.775760038929,12585.564809656085,12136.910684367042,12642.339923399935
11289.147457139346,10227.37589645978,9061.9418520810304,7536.7002368248659,8961.9564250876738,10719.114615329758,10392.181852811716,10495.997508804152,10951.209736978552,9203.5221786075745,8049.4836295482974,7957.4303820019104,6480.7572109668872,5475.0697693042821,7822.5443292547443,9229.4151446572414,7043.6747367041107,8007.0305732222532,8662.6165089217466,9409.82801581889,8879.4940131794756,10961.370546028556,7032.2312653429653,8182.4184549015199,10612.276171160871,10830.444655423185,11688.410437210103,12642.521498837761,12115.549248218647,12661.812760486164
11282.139052420212,10269.119511974362,9096.319013255641,7639.6494587029019,8950.6153313717241,10704.823072507052,10389.684534973772,10502.975694395589,10996.583464535608,9257.1044820909756,8100.6134913329724,7914.7641541809489,6467.7396219782195,5445.8508724706726,7768.9268818971086,9251.1085699900923,7047.6037843446311,7990.0407622848088,8653.8984407110402,9408.0641264621427,8842.8526197845949,10930.108604754398,6983.3573636205183,8141.3970570953798,10679.708549188765,10843.911893437149,11666.286615244027,12570.566469313402,12054.974033837645,12598.060851437933
11375.361217594278,10371.208506503614,9201.9069455548597,7709.5755507225258,9029.6650002106417,10794.080863638697,10473.1941179962,10573.425603825141,11037.047223985601,9247.8221554263746,8112.1175278671617,7918.7448982479509,6470.4435035502793,5472.9208206287976,7770.8496540376282,9256.3136743753803,7042.5325040426551,8033.9516399965223,8685.8745020504593,9404.2086389079686,8852.1923565321285,10939.683991961823,7016.8235158511789,8144.848555941805,10699.875575849317,10867.641801010343,11733.460893543212,12592.525189948299,12083.080701359424,12640.722973210155
11487.90840545695,10494.875673057488,9372.3120548341176,7815.9412307518096,9074.0327707897322,10839.689841909967,10610.247800043537,10641.074119762232,11128.414918299883,9375.51938651829,8160.6503014325835,7956.922520983072,6469.5468417094708,5474.2369986986359,7800.7249994747808,9239.6321767652225,7034.871827346431,8001.2387242833984,8675.3621344580533,9416.2758807175305,8867.1173625318024,10951.710208179056,7006.8809430959254,8154.0142904035783,10735.024291314334,10931.467305951048,11742.015404449232,12683.377278073211,12142.245318159939,12669.158299812058
11439.250716262537,10355.896725302729,9192.0706522383116,7710.3732599257883,9052.1088445290115,10813.459354384697,10557.810739073378,10604.499511460719,11083.659692642796,9275.7501586784692,8118.5062361496848,7972.2408025854093,6435.2158255245158,5490.8627376740978,7803.2041260695369,9213.9020404462262,7033.9515699925714,7983.4915530988792,8661.6680817114193,9352.6966143499867,8897.3480022475887,10983.488549644168,7005.3640641514803,8152.695222833041,10649.780135399044,10814.93562655031,11759.400362809463,12734.25953981267,12182.263374116288,12719.02608213406
11394.475679623822,10372.599241479873,9184.2893581861572,7712.9893206875777,9030.7779637824897,10741.772117179753,10480.233196039735,10543.280090208023,11052.557720452465,9289.5553451889773,8133.2762311064716,7988.9699596721075,6473.7442762311584,5493.8462621359422,7827.0642317327256,9248.3470684766253,7049.4954740680823,8037.4588536349074,8698.4679275264079,9430.1789609413299,8950.9010022491966,11012.937879375528,7009.9203018031785,8181.268861114022,10693.273156189192,10875.213610989829,11738.886606437327,12704.756264608654,12089.340713045676,12681.410644845522
11481.753147673966,10451.244163335474,9305.5841799621485,7798.6517478576216,9090.1910915878743,10841.453766518418,10595.593514161299,10663.145473337923,11087.382569940195,9317.478286632384,8165.4261617998536,8006.3816582896534,6494.2230149766119,5530.8103703689021,7850.7763215487212,9249.3629053332661,7057.5317636330847,8015.6529996453273,8689.2841502971387,9413.8467434723607,8931.7932024958627,11082.58129027768,7007.5589922095978,8158.5317678602441,10760.809759326374,10950.375778764384,11798.140962335257,12780.999606107051,12206.616589052417,12781.717656826802
11405.933983341236,10364.520056816931,9241.9511280267579,7766.9160027737007,9072.2285909512775,10788.610721723613,10614.023894844375,10607.238324185812,11074.767275645658,9271.8230647471391,8111.926396955465,7989.9474387298378,6502.5750499449596,5506.9070827428059,7831.4657008616377,9252.0315736517641,7055.6318685996976,8017.3610320426897,8674.8510286572618,9441.3279480663823,8945.8169221723601,10990.336946332885,6965.6240777713438,8142.8833315339552,10654.488043824223,10845.412108931652,11760.090451430084,12715.333570301262,12146.089366878265,12675.377234003014
11449.083267145737,10392.412351484487,9238.3746496255189,7779.4417992943781,9072.3599099141975,10781.17029503045,10531.85764265145,10549.464867650313,11056.211954940576,9272.9466460991734,8112.5783682379042,7976.693082664342,6481.6767735587646,5516.5595474775673,7873.2849031505948,9273.903954299145,7076.6851932653544,8010.2029589566209,8690.3055213243824,9353.3051418239702,8899.8332919612803,11013.093406940856,6983.7653567811813,8166.6562554577522,10697.630272068009,10879.438283262383,11795.779414621667,12666.755049968031,12216.336137124697,12722.678625796822
11438.074864735638,10448.767231461974,9286.5677130456115,7811.4008739621113,9093.1736530030648,10840.144442020613,10516.547343213553,10629.187572819743,11067.207976306228,9289.210487540493,8106.1610784479317,7966.5137592790425,6483.3746225082159,5483.1279566931744,7805.3371867905753,9248.1437292235078,7054.1154176635764,7980.8449726858316,8655.9217399663103,9347.9609300822103,8856.2290275632731,10964.15854687807,6965.9811266088582,8119.958452660193,10658.69547977372,10862.850854565813,11739.262650338267,12670.960588655418,12116.559007614489,12667.41355341521
11408.483823582694,10340.590051728504,9243.2884063799575,7707.4545900894645,9017.359820150401,10746.886402439482,10504.321294285468,10544.386889965046,11029.038658733294,9295.0590944214764,8124.780807902127,7966.1056508637485,6493.9571726802214,5455.068142130036,7815.8738875720092,9233.8419290328384,7051.3864547661797,8027.9252718753851,8686.3110072288418,9412.7545179035606,8853.4638514540657,10972.676739151038,6956.6129553801475,8172.8588301944565,10629.394583327579,10813.120881547302,11675.428873997333,12549.792066691145,12074.069282050719,12602.786867794381
11320.233476279382,10344.026129832839,9196.7832148743673,7666.5162902762231,8991.9585479807065,10759.482653066048,10432.533843849089,10547.928241450978,10981.551779165371,9238.7482453426583,8046.9280636833582,7926.7608934907721,6484.312369016664,5473.1228119468678,7758.0831494878139,9246.1719927729027,7045.7802222501423,7987.4925127315819,8667.9888940997735,9318.3077363951961,8822.6362730739529,10887.368685109199,6970.6360977610038,8125.9759418677359,10573.362552963341,10759.937192636271,11644.161905462624,12471.433052254484,12078.29143414365,12569.656289691269
11389.77170876755,10414.225827673788,9246.9642808625758,7675.8580495905135,9072.5411811021022,10811.09229582638,10555.440385097054,10595.229980006767,11074.868039291379,9329.9658882118874,8096.4396138894745,7955.8386587972045,6472.9664372718607,5499.6362414155165,7788.4132537601017,9248.7963442165074,7026.1159030057352,7996.1613128425415,8675.4941487610467,9404.9480948274067,8902.5454136549124,10935.292227595253,6942.3217691162909,8147.5117182861595,10647.92822652207,10848.067286053067,11735.542717013508,12623.574601193091,12072.345591418238,12662.387862675811
11276.27185219421,10278.879652647365,9101.4819685160583,7555.1202659675409,8936.331754900817,10687.766216118132,10486.476103394507,10545.706089988413,10978.76979162761,9236.2330829257917,8051.0263190950955,7945.2475404587913,6459.1578157267904,5492.1239363409004,7786.6969295048302,9236.8185671583014,7021.2591740223443,7999.5497784713762,8669.6903645135171,9342.4595944506018,8929.5282859984254,10936.132831661071,6987.0472981434059,8159.3127075375842,10617.590756782982,10782.92056187096,11734.808986081694,12651.679025939602,12029.014734809445,12638.347717865659
11297.4329667862,10302.450480523083,9152.2969842684688,7587.2473694982527,8980.9918785479658,10697.821691292764,10449.13680547779,10513.775530946288,11016.542316110073,9287.2329339122607,8089.8247258439342,7899.6085706942004,6453.8828704040234,5465.1165939509647,7756.4903010837597,9200.65444309337,6980.3478953362155,8002.3536401878991,8694.9299410706899,9347.4289191622793,8884.5021468379073,10939.715630834527,6935.8131096284242,8131.7839452424478,10687.463051734201,10863.955649158248,11706.389497430355,12556.07183439759,12115.830955047333,12626.475567950731
11309.566593890831,10342.572817831777,9196.6995938901364,7653.3923659375678,9043.6173041706825,10819.341774480128,10499.653920651715,10602.562001837468,11044.560576084827,9296.0776268011887,8141.5841249714495,7911.9308273077486,6464.7521159142998,5450.5409206396444,7741.8515181035746,9215.8943228241769,7003.4254335354199,8046.2555401135414,8695.9667075317266,9380.4874819418837,8844.8416224680423,10946.342754240839,6993.4659676507999,8148.4705086131917,10727.153703517472,10911.678097834891,11715.243813133393,12533.576809570117,12141.000346985375,12616.254538003834
11346.877088501467,10297.527664582145,9161.7521339811065,7627.55743788169,9016.6628883181929,10766.369468914398,10516.041309421928,10563.612395233771,11043.51435315788,9303.5714407800951,8148.1814288041978,7936.6973195853489,6465.1074537138384,5468.0514443664515,7796.9677722595507,9270.1121617913759,7026.503989839367,8026.7430474850171,8660.7547015099681,9431.1786506468852,8886.657388814041,10973.542136304359,6994.4139469763586,8160.1416145518469,10753.671122690152,10912.637518250016,11759.671936626632,12613.897759741098,12109.32096825292,12636.464536658452
11263.647563059279,10277.321625373625,9145.7637355648585,7600.0659557308318,8976.126844874696,10723.990348394234,10445.064077387948,10493.02789562699,11023.92324069711,9237.253546452579,8116.7566011279605,7906.4619592072004,6477.5290497883525,5462.2933261909984,7737.261371471307,9243.2487336492923,7015.4602979961755,8028.9590668166247,8655.1923553017168,9401.9129659809896,8881.9269119517976,10915.623657021322,7020.4044944997759,8137.5597864754818,10737.770795407792,10886.247967011266,11699.215496265009,12578.31588652989,12066.885956423766,12611.857970837114
11443.316279309774,10444.523842962228,9284.7185177931988,7738.0798705546576,9084.5988170523415,10836.111146760508,10606.91486677299,10637.1508753043,11099.662456878936,9343.2424077410305,8178.3413318654766,7945.5710520319635,6463.8822618889762,5489.7419216538465,7810.6876982949734,9231.1930248810731,7040.8502693262153,8022.8761391317921,8668.5103601351475,9438.5952949822713,8932.2918281804432,10954.671173366763,6980.6949606243397,8163.0503818257675,10774.616855890838,10981.781482661007,11752.153094751884,12687.671422073476,12156.241236520322,12651.04401350533
11497.317656011643,10395.320634246127,9273.072319773155,7769.1398073016799,9096.7878171667744,10824.297023786101,10601.097641675879,10633.078550650134,11048.533785906338,9333.1014600104681,8125.8939687283228,7937.4256990673402,6451.7352522938918,5485.8653907233956,7845.5104197475966,9271.5171433054948,7037.7003825773618,8012.0995543988302,8682.5931103562452,9379.369958692354,8853.4480778575289,10991.141604090295,7019.9215999080416,8169.8463414810922,10728.299284544371,10923.804418647262,11772.256249706326,12730.642573235897,12170.378055426521,12743.919352985078
11410.813696487636,10399.17258427756,9256.519230646305,7773.4153873609403,9085.8404590783211,10818.807972462695,10537.085857071685,10583.782249219312,11063.8876801636,9240.6523336704449,8066.3475212980911,7925.9442190455657,6477.5692230401155,5467.0707032543169,7770.8430159251529,9240.4600509323318,7042.9844147691583,8031.3181136648527,8679.9453642179851,9422.802284671885,8849.5477279033275,10907.698332733056,7022.4834649959957,8162.5282798375201,10661.345920367363,10833.18148008445,11704.207342856631,12654.082111893415,12114.757226765623,12643.156223470598
11426.957017012741,10445.602665281889,9360.6986841163853,7846.9583223080381,9125.3307936008332,10870.121981775723,10578.566826111939,10638.096357439425,11097.917756511544,9343.0368002330233,8126.5085813126107,7949.5827790607582,6484.9780850020534,5501.5924516389714,7793.5654427752934,9253.1226947670511,7026.4149336308164,8026.3638758336319,8672.9418482985457,9406.9610262925144,8907.7286902469059,10946.255891088895,6980.6936690739331,8155.313851471481,10676.017311969115,10851.930121213432,11737.4979510381,12658.601165418249,12114.268312915487,12650.068697613397
11454.61796121443,10405.531260873044,9297.1691206149699,7763.5280875208973,9110.8607942370454,10835.588310546067,10554.334600220447,10606.991115746687,11061.140677898691,9300.530912392529,8118.382268638361,7995.2906074082312,6507.763117255864,5524.3637769894704,7811.9419803673145,9254.8693175310909,7055.2851028925816,8016.5949858163758,8697.6790065176956,9361.9316566529833,8899.5337284376164,10991.500565991182,6993.3862848101498,8157.0120204151817,10676.23659494907,10834.521273491546,11717.367114071118,12648.541553081044,12155.65955740018,12686.331184203889
11379.185838080333,10343.437340442644,9189.4229631532162,7720.9697165976422,9028.4871298523885,10759.161403760523,10500.027900677118,10554.326186911028,11035.296299571659,9271.342796291714,8125.968779560988,7978.2349106731599,6482.6384837147198,5464.441649667162,7803.375249618136,9210.4797586335881,7034.7508623878393,8040.3444148408807,8685.0749016010104,9406.1107448693165,8913.302508848441,10932.251038732558,6990.3072050350875,8152.4042237620051,10653.789526943447,10865.953788232542,11707.536452742186,12543.128830241656,12123.35854145305,12609.653307159731
11349.985633924682,10313.628493412429,9155.0698031657084,7682.8989031038282,8988.988251698056,10759.66747015791,10485.726966419139,10505.636314556226,11036.575300187069,9290.9938580514663,8098.0618594493499,7946.7139416570553,6473.1121766339811,5490.003192041675,7804.9442656748233,9267.9597719489466,7030.0117154745894,7997.7488553273097,8697.6783485489341,9348.5042338363291,8863.8872798794109,10910.87210741697,6998.8334339736675,8150.5632123022542,10639.456650357948,10800.296958477407,11779.348570189732,12603.474247591519,12183.393520896774,12718.031816215656
11298.161431004852,10271.594482664981,9121.2837030231331,7617.3801332800622,8975.0141052758299,10737.749943304018,10437.572554987644,10528.802025210625,11011.093650844159,9233.5751500632705,8062.0929350153774,7930.4570230741456,6455.7039074728746,5454.0900179325636,7767.8522528147678,9248.4651575949192,7023.3058593103369,7957.6161637051528,8646.9870045491534,9369.0948625322271,8852.055710665767,10875.945408076306,6981.5838320462863,8152.9865433113573,10609.006186905499,10782.096029616328,11714.268204288197,12625.464163822478,12138.139285497964,12679.84086894852
11442.270061176161,10365.008691310624,9206.3105297958246,7675.9049980120399,8999.8639979409982,10742.444190581338,10461.255751225304,10544.203392287949,11039.213407362324,9281.8329318996875,8142.7577867974906,7948.9551016465748,6476.8615305019475,5491.0312088830642,7834.701138678879,9229.956332077456,7061.2283538099282,7985.1974983294567,8671.5678703452777,9420.2482411773453,8884.7354061594178,11001.073628416141,6969.2465157302167,8174.0368721612449,10713.77922092396,10886.236112778051,11739.311619775186,12690.925475080796,12118.893422004357,12655.688009466705
